Bug ID,Bug title,Severity,Priority,Status,Assignee,Page/Feature,Reproducibility,Environment,Reported at,Reporter,Category,Git branch ID,Date fixed,Screenshot,Notes,Expected result,Actual result,Steps to reproduce
KYPRO-76,Invite link immediately redirects unauthenticated users to homepage,Critical,Critical,New,Ashok,Invite join page (/join),Always,http://pro.kyozo.com,"April 15, 2026 1:57 PM",Anastasia Starko,Functional,,,,,"Unauthenticated user sees the join form, fills in their details, and successfully joins the community.",The join page flashes briefly then the user is immediately redirected to the Kyozo homepage. New members cannot accept the invite or join the community.,"1. Admin sends a WhatsApp or email invite from Audience > Invite Member.
2. Recipient opens the invite link while not logged in.
3. Observe page behaviour."
KYPRO-78,Private community toggle has no effect — community always created as Public,High,High,New,Ashok,Community Creation,Always,http://pro.kyozo.com,"April 16, 2026 2:17 PM",,Functional,,,"Kyozo%20Pro%20QA%20Bug%20Tracker/Screenshot_2026-04-16_at_1.58.18_PM.png, Kyozo%20Pro%20QA%20Bug%20Tracker/Screenshot_2026-04-16_at_2.17.03_PM.png",Confirmed via screenshots: a community named 'test private community' (created with toggle ON) displays the same 'Public' badge as 'test public community' (created with toggle OFF). The toggle UI renders correctly but the value is not being passed through on creation.,Community is created as Private when the 'Private community' toggle is enabled,Community is always created as Public regardless of the toggle state. The toggle appears to have no effect on the community's visibility setting.,"1. Navigate to the community creation page
2. Enable the 'Private community' toggle
3. Fill in the community name and any required fields
4. Submit / create the community
5. View the newly created community"
KYPRO-74,"Bulk CSV import extremely slow — ~17 min for 1,001 rows (sequential API calls)",High,High,New,Ashok,Integrations > Import > CSV File,Always,Production,"April 14, 2026 3:19 PM",Anastasia Starko,Performance,,,,"Progress indicator UI works correctly (spinner + % counter + 'do not close' message). Test was aborted after ~25 seconds at 2% to avoid polluting test data. A small number of rows (User141, User142) were partially imported before cancellation. Root cause is likely N+1 API calls instead of a batch endpoint.",Import completes within a few seconds using batch API calls; progress bar advances quickly to 100%,"Progress bar advances approximately 1% per 10 seconds, projecting ~17 minutes total for 1,001 records. The importer appears to be making one sequential API call per contact rather than batching.","1. Go to a community's Audience tab on http://pro.kyozo.com
2. Click Import Members → CSV File
3. Upload a CSV with 1,001 rows of valid name/email data
4. Click ""Import 1001 Members""
5. Observe the progress bar"
KYPRO-70,Eventbrite import creates duplicate audience entries for attendees with multiple ticket types,High,High,New,Ashok,Audience / Eventbrite Import,Always,Production,"April 9, 2026 6:42 PM",Anastasia Starko,Functional,,,"Kyozo%20Pro%20QA%20Bug%20Tracker/image.png, Kyozo%20Pro%20QA%20Bug%20Tracker/image%201.png","Confirmed during happy path testing of Eventbrite import on community t1. Duplicates observed: mailto:testuser9@gmail.com (x2), mailto:testuser11@gmail.com (x2), mailto:testuser2@gmail.com (x2). The ticket type is stored in the Notes column in the preview — deduplication by email with merged notes would be the expected behaviour.

Follow-up check on member profiles confirmed each duplicate Audience row results in a separate community membership record. The 'Communities' stat on each affected profile shows 2, with 'Member of 2 Communities' listing t1 @t1 twice. This elevates the bug to Critical — duplicate memberships cause real data integrity issues beyond cosmetic duplication.","Each unique attendee (identified by email address) should appear as a single audience entry. If they purchased multiple ticket types, this could be represented via tags or notes, but they should not be duplicated as separate members.","Attendees who purchased multiple ticket types are imported as separate, duplicate audience entries — one per ticket type. For example, an attendee registered for both 'General Admission' and 'Second category' appears twice in the audience with the same name and email. In a test with 16 Eventbrite rows (13 unique attendees), all 16 rows were imported, resulting in 3 duplicate audience entries.

Further investigation confirmed the impact goes beyond the Audience list view: each duplicate row creates a genuine duplicate community membership. Affected profiles (testuser2, testuser9, testuser11) all show 'Member of 2 Communities' — both entries being the exact same community (t1 @t1). This means duplicated users will receive broadcasts twice, count twice in member stats, and appear twice in guestlists.","1. In http://pro.kyozo.com, open a community and click Import Members.
2. Select Eventbrite and enter a valid Private API Token.
3. Click Load Events and select an event that has at least one attendee registered under multiple ticket types.
4. Click Fetch Attendees — observe the preview table shows the same attendee (same name + email) on multiple rows, one per ticket type.
5. Click Import 16 Members.
6. After import completes, check the Audience list."
KYPRO-62,"TSV import — tab delimiter not recognised, all row data repeated in every column",High,High,New,Ashok,Audience → Automatically Integrate → CSV / TSV importer (Preview step),Always,Production — http://pro.kyozo.com,"April 8, 2026 2:40 PM",Anastasia Starko,Functional,,,,"Test file had a proper header row (Name, Email, Phone, Tags) and three data rows, all tab-separated. The importer appears to only handle comma delimiters and does not parse TSV files despite advertising .tsv support. The import does not fail gracefully — it silently saves malformed records to the database. Confirmed by inspecting the audience list post-import: Diana Prince, Ethan Hunt, and Fiona Green all have their full concatenated row string stored as name, email, and tag. Severity kept at High (no Critical option) but this warrants urgent attention.","Each contact's fields are displayed in the correct columns: Name → NAME, Email → EMAIL, Phone → PHONE, Tags → TAGS","Tab delimiter is not recognised. Every column (NAME, EMAIL, PHONE, TAGS) shows all four fields of the row concatenated as a multi-line block in the preview. If the user proceeds to import, the corrupted data is saved to the database: each contact's Name, Email, and Tags fields all receive the full concatenated row string (e.g. name = 'Diana Prince mailto:diana@example.com +15550103 vip', email = 'Diana Prince mailto:diana@example.com +15550103 vip', tag = 'Diana Prince mailto:diana@example.com +15550103 vip'). The Phone field is left empty. Results in completely unusable audience records with no warning shown to the user.","1. Open the Audience page of a freshly-created community
2. Click 'Automatically Integrate'
3. Choose 'CSV File (.csv / .tsv)'
4. Upload a valid .tsv file whose columns are Name, Email, Phone, Tags separated by tab characters
5. Click Next and inspect the Preview screen"
KYPRO-60,Custom Handle slug not auto-generated from Community Name for any input,High,High,New,Ashok,Create Community – Step 1 (Basic Info),Always,http://pro.kyozo.com – Chrome,"April 7, 2026 6:12 PM",Anastasia Starko,Functional,,,Kyozo%20Pro%20QA%20Bug%20Tracker/Screenshot_2026-04-07_at_6.39.45_PM.png,"Initially suspected to be a non-Latin character issue (Cyrillic / special chars). Re-tested with a real user typing plain Latin text (""Hello World"") — the slug still did not auto-generate. The auto-generation is broken for all inputs. The field stays empty with no error or warning, and the form allows proceeding to Step 2 with no handle. When the handle is empty, the backend falls back to using the raw community name verbatim as the URL slug (see KYPRO-61).","The Custom Handle should auto-populate with a URL-safe slug derived from the community name (e.g. ""Hello World"" → ""hello-world"")","The Custom Handle field remains empty for all tested inputs. The URL hint stays as ""http://pro.kyozo.com/your-handle"" with no generated slug. No error or warning is shown and the form proceeds to Step 2 with an empty handle.","1. Open Create Community modal (fresh)
2. Type any community name in the Community Name field (tested with Latin ""Hello World"", Cyrillic ""клавдий тестирует"", and all-special-chars ""!@#$%^&*()"")
3. Tab or click away to another field
4. Observe the Custom Handle field and the URL hint below it"
KYPRO-61,"Community with raw-name URL slug is inaccessible after creation — crash or ""Community not found"" depending on character type",High,High,New,Ashok,Create Community / Communities list,Always,http://pro.kyozo.com – Chrome,"April 7, 2026 6:12 PM",Anastasia Starko,Functional,,,"Kyozo%20Pro%20QA%20Bug%20Tracker/Screenshot_2026-04-07_at_6.34.19_PM.png, Kyozo%20Pro%20QA%20Bug%20Tracker/Screenshot_2026-04-07_at_6.37.12_PM.png, Kyozo%20Pro%20QA%20Bug%20Tracker/Screenshot_2026-04-07_at_6.37.25_PM.png","Three distinct failure modes observed:

1. NON-LATIN UNICODE (Cyrillic, Chinese — likely all Unicode scripts):
   Examples: ""клавдий тестирует"" → /клавдий-тестирует, ""你好"" → /你好
   Browser navigates to percent-encoded URL (e.g. /%E4%BD%A0%E5%A5%BD)
   Result: no crash, sidebar shell loads with community name visible, but main content shows ""Community not found""
   Community is inaccessible

2. SPECIAL CHARACTERS containing URI-breaking chars (%, #, ?, etc.):
   Example: ""!@#$%^&*()+=[]{}|;':"""",./<>?`~""
   Result: full app crash — ""Application error: a client-side exception""
   Console: URIError: URI malformed at decodeURIComponent
   App must be manually reloaded

3. PARTIAL SPECIAL CHARACTERS (chars that don’t break URI parsing):
   Examples: ""test-new!"", ""[test-:)]""
   These navigate without crashing but communities may still be inaccessible

Root cause: empty handle (see KYPRO-60) causes backend to store raw community name as slug. Pattern is consistent across all tested non-Latin scripts.","The community should either not be created with an invalid URL, or a safe fallback slug should be used. Navigating to the community should work without errors","The backend saves the raw community name verbatim as the URL slug (e.g. href=""/!@#$%^&*()+=[]{}|;':"",.<>?/`~""). Clicking the community card triggers a full application crash: ""Application error: a client-side exception has occurred"" with console error: URIError: URI malformed at decodeURIComponent","1. Create a community whose name contains only characters that produce an empty URL slug (e.g. ""!@#$%^&*()+=[]{}|;':"",.<>?/`~"" or Cyrillic text)
2. Community is created successfully (see KYPRO-60)
3. Click on the community card from the Communities list"
KYPRO-59,Background image upload fails silently during Create Community — image not applied,High,High,New,Ashok,Create Community – Step 2 (Customization),Always,http://pro.kyozo.com – Chrome,"April 7, 2026 5:31 PM",Anastasia Starko,Functional,,,Kyozo%20Pro%20QA%20Bug%20Tracker/kypro59_1.mov,"File tested: ~7.5MB jpg image, within the stated 10MB limit. An error message appeared indicating the image could not be loaded. The form allowed the user to proceed and the community was created, but the background image was not saved. The community header shows a plain grey gradient instead of the uploaded image.",Background image uploads successfully and is displayed in the community header banner,"An error message appears when uploading the background image. Despite the error, the form allows the user to continue and the community is created, but the background image is not saved — the header shows a plain grey gradient instead","1. Open Create Community modal
2. Complete Step 1 (Basic Info) and click Next
3. On Step 2 (Customization), upload a background image within the 10MB limit (tested with ~7.5MB)
4. Observe the error message
5. Proceed and click Finish
6. Open the created community"
KYPRO-58,Plan limit reached error only shown after user completes the full 2-step Create Community form,High,High,New,Ashok,Create Community flow (Step 2 – Customization),Always,http://pro.kyozo.com – Chrome,"April 7, 2026 5:18 PM",Anastasia Starko,UX,,,Kyozo%20Pro%20QA%20Bug%20Tracker/Screen_Recording_2026-04-07_at_5.14.31_PM.mov,"Reproducible when plan limit of 5 communities is reached. System should detect the plan limit before the modal opens, not after the user fills both steps.","The system should detect the plan limit before the user starts the flow — either by disabling the Create Community button with a tooltip, or showing a blocking message when the modal opens","A toast ""Plan Limit Reached – You've reached your plan limit of 5 communities. Upgrade your plan to create more."" only appears after the user fills out both steps and clicks Finish, wasting significant user effort","1. Have an account that has reached the plan limit (5 communities)
2. Click the Create Community button on the Communities page
3. Fill out all fields in Step 1 (Basic Info) and click Next
4. Fill out fields in Step 2 (Customization) and click Finish"
KYPRO-54,Password reset link from http://pro.kyozo.com redirects to http://www.kyozo.com (member-facing app) instead of the admin panel,High,High,New,Ashok,Login / Forgot Password,Always,"Chrome (desktop), http://pro.kyozo.com","April 7, 2026 2:45 PM",Anastasia Starko,Functional,,,https://www.loom.com/share/5343b72852744e489aba20a6ef76f48a,The reset link URL observed: https://www.kyozo.com/reset-password?mode=resetPassword&oobCode=...&lang=en. The mismatch between http://pro.kyozo.com and http://www.kyozo.com means the reset flow sends admins to the wrong application entirely.,The reset link should open a password reset form on http://pro.kyozo.com (the admin panel),"The reset link redirects to http://www.kyozo.com (the member-facing frontend) at the path /reset-password. The page title shown is 'Willer - Welcome to the http://Willer.fm community', indicating a community member page rather than an admin password reset form. Admins/owners initiated the reset from http://pro.kyozo.com and should be returned there.","1. Go to http://pro.kyozo.com and click Sign In
2. Click 'Forgot password?' and enter mailto:ana@kyozo.com
3. Click 'Send reset link'
4. Open the password reset email and click the reset link"
KYPRO-52,Member selection state is lost after closing the 'Tag Members' modal — visual state and internal state become out of sync,High,High,New,Ashok,Audience / Tag Members modal,Always,"Chrome (desktop), http://pro.kyozo.com","April 7, 2026 1:48 PM",Anastasia Starko,Functional,,,Kyozo%20Pro%20QA%20Bug%20Tracker/Screenshot_2026-04-07_at_1.49.41_PM.png,"The misleading visual state (checkbox + counter showing 1 selected) makes this particularly confusing — the user believes their selection is intact but cannot proceed. Related to KYPRO-51 (X button not working), but reproduced via Cancel button.","The 'Tag Members' modal should open with the previously selected member still selected, as the UI indicates they are","After closing the modal, the visual selection state appears intact (member row is highlighted, checkbox is checked, counter says '1 of 20 selected') but the internal state is cleared. The 'Add Tags' button no longer shows a count '(1)'. Clicking 'Add Tags' again triggers a browser alert: 'Please select one or more members to apply tags.' The UI and internal state are out of sync.","1. Navigate to the Audience tab
2. Select a member (e.g. Frank Validuser) — toolbar shows 'Add Tags (1)' and '1 of 20 selected'
3. Click 'Add Tags (1)' to open the Tag Members modal
4. Close the modal using the Cancel button
5. Observe the UI — member still appears checked and '1 of 20 selected' is still shown
6. Click 'Add Tags' again"
KYPRO-50,"'Select All' only selects currently loaded members, not all members in the community",High,High,New,Ashok,Audience / Select All,Always,"Chrome (desktop), http://pro.kyozo.com","April 7, 2026 1:19 PM",Anastasia Starko,Functional,,,"Kyozo%20Pro%20QA%20Bug%20Tracker/image%202.png, Kyozo%20Pro%20QA%20Bug%20Tracker/image%203.png","Critical data integrity risk. An admin could believe they are selecting all members to broadcast or tag, but only a small subset would be affected. Behavior changes depending on session state (what has been previously loaded or searched).","'Select All' should always select all members in the community (3016), regardless of what has been previously loaded or searched","On initial page load, 'Select All' only selected 20 of 3016 members ('20 of 20 selected'). After performing the 'Test' search (which causes the system to load more member data) and clearing it, clicking 'Select All' correctly selected all 3016 members ('3016 of 3016 selected'). The selection count is tied to how many records are currently loaded in the frontend, not the actual total member count.","1. Navigate to the Audience tab (community has 3016 members)
2. Click 'Select All' without performing any search
3. Note the number of selected members
4. Deselect All
5. Type 'Test' in the search bar and wait for all 4 results to fully load (~50 seconds)
6. Clear the search
7. Click 'Select All' again
8. Note the number of selected members"
KYPRO-43,Validation and API error messages use native browser window.alert() instead of in-app UI components,High,High,New,Ashok,"Audience / Invite Member, Audience / Tags",Always,"Chrome (desktop), http://pro.kyozo.com","April 2, 2026 5:58 PM",Anastasia Starko,UX,,,Kyozo%20Pro%20QA%20Bug%20Tracker/Screenshot_2026-04-02_at_5.33.37_PM.png,,"Errors should be shown as inline field validation messages or in-app toast notifications, consistent with the rest of the app UI","Native browser window.alert() dialogs are used, which block the entire page, are visually inconsistent, and cannot be styled or dismissed gracefully","1. Open Invite Member modal and click 'Send Invite' without selecting Email or WhatsApp → native alert fires
2. On the Audience list, click 'Add Tags' without selecting any member → native alert fires"
KYPRO-39,Add Member form – all validation errors hidden below the fold,High,High,New,Ashok,Audience > Add Member,Always,Web – http://pro.kyozo.com (QA Test Community),"April 2, 2026 4:58 PM",Anastasia Starko,UX,,,,"During QA testing this bug caused the Add Member button to appear broken across multiple test cases. High severity because it directly blocks users from creating members without knowing they need to scroll down. Three distinct error messages are affected: phone required, name required, invalid email.","Validation errors should appear immediately adjacent to the relevant field (inline), or at minimum at the top of the form — always visible without scrolling. Required fields should be marked with an asterisk (*) or a ""required"" label.","All validation error messages render below the Profile Banner upload section, which is below the visible dialog area without scrolling. The Add Member button appears completely non-functional to users. Additionally, required fields (Last Name, Phone) have no asterisk or ""required"" indicator, so users cannot know these fields are mandatory before attempting submission.","Scenario A – missing phone:
1. Click Add Member in the Audience header
2. Fill First Name, Last Name, valid Email; leave Phone blank
3. Click Add Member
4. Nothing visible happens → scroll down past Profile Banner
5. Error appears: ""Phone number is required.""

Scenario B – missing last name:
1. Click Add Member; fill First Name, Email, Phone; leave Last Name blank
2. Click Add Member → scroll down
3. Error appears: ""First and last names are required.""

Scenario C – invalid email:
1. Click Add Member; fill First Name, Last Name, Phone; enter ""notavalidemail"" in Email
2. Click Add Member → scroll down
3. Error appears: ""A valid email address is required."""
KYPRO-36,Drag & drop file upload non-functional across all import upload zones (Integrations & Audience),High,High,New,Ashok,Integrations > Import (CSV & Excel) + Audience > Automatically Integrate > Upload CSV/TSV File,Always,http://pro.kyozo.com — Chrome,"April 1, 2026 2:56 PM",Anastasia Starko,Functional,,,Kyozo%20Pro%20QA%20Bug%20Tracker/Screen_Recording_2026-04-01_at_2.53.41_PM_2.mov,"Confirmed systemic — affects all upload drop zones in the app, not isolated to one flow. During QA session April 2026, all file uploads were performed via 'Click to browse' as a workaround because drag & drop consistently failed. Drag & drop in Audience modal reproduced twice consecutively with zero response. Likely a shared drag-event handler registration issue at the component or framework level.","Dragging a file over any upload drop zone should trigger a visible hover/active state. Dropping a valid file should register it, show a filename confirmation, and advance the flow. Both 'Click to browse' and 'drag & drop' are explicitly advertised on every drop zone and both must work.","Drag & drop is non-functional in all file upload drop zones across the app. The drop zone shows no hover highlight when a file is dragged over it, no visual response on drop, no filename confirmation, no loading indicator, and no error message. Users who attempted to upload files during QA testing had to use the 'Click to browse' file picker instead in all cases. This affects both the Integrations > Import wizard (CSV and Excel flows) and the Audience > Automatically Integrate modal.","1. Go to Integrations > Import and select CSV File or Excel/XLS as source
2. Drag a valid file from your computer and drop it onto the dashed upload zone
3. Observe — file is not registered
4. Repeat via Audience > Automatically Integrate > CSV source
5. Drag a valid .csv file onto the drop zone
6. Observe — file is not registered"
KYPRO-33,Manual Entry accepts and imports contacts with name only — email not enforced as required,High,High,New,Ashok,Integrations > Import > Manual Entry,Always,http://pro.kyozo.com — Chrome,"April 1, 2026 1:46 PM",Anastasia Starko,Functional,,,Kyozo%20Pro%20QA%20Bug%20Tracker/image%204.png,This creates unusable contacts in the system with no email address for communication.,Email should be a required field in Manual Entry. The form should display a validation error and prevent submission when email is blank.,Contact is accepted and imported with name only. No validation error or warning is shown about the missing email address.,"1. Go to Integrations > Import > Manual Entry
2. Enter a value in the Name field only
3. Leave Email, Phone, and Tags blank
4. Click Add Member
5. Click Import"
KYPRO-30,"CSV import silently accepts non-comma delimiters, corrupting all data",High,High,New,Ashok,Integrations > Import > CSV,Always,http://pro.kyozo.com — Chrome,"April 1, 2026 1:46 PM",Anastasia Starko,Functional,,,"Kyozo%20Pro%20QA%20Bug%20Tracker/image%205.png, Kyozo%20Pro%20QA%20Bug%20Tracker/bug30_bad_delimiter.csv, Kyozo%20Pro%20QA%20Bug%20Tracker/image%206.png",Tested with semicolon-delimited file.,"Importer should detect non-standard delimiters and either: (a) auto-detect the delimiter and parse correctly, or (b) show a clear error asking the user to re-export with comma delimiters.",Import completes without error. The entire row including delimiters is treated as a single field value. All data is corrupted (e.g. 'John;mailto:john@email.com;555-1234' imported as a single name field).,"1. Go to Integrations > Import
2. Select CSV as source
3. Upload a CSV file that uses a non-comma delimiter (e.g. semicolons: 'name;email;phone')
4. Proceed through the import wizard to completion"
KYPRO-32,"Excel import with no header row consumes first data row as headers, silently losing all data",High,High,New,Ashok,Integrations > Import > Excel,Always,http://pro.kyozo.com — Chrome,"April 1, 2026 1:46 PM",Anastasia Starko,Functional,,,"Kyozo%20Pro%20QA%20Bug%20Tracker/image%207.png, Kyozo%20Pro%20QA%20Bug%20Tracker/bug32_no_header.xlsx, Kyozo%20Pro%20QA%20Bug%20Tracker/image%208.png","Tested with a 5-row data-only sheet — only 4 contacts imported, first row used as field names.","Importer should ask the user whether the first row contains headers or data. If no header row, the user should be able to define column mappings manually. A warning should be shown if the presumed header row looks like data.",The first data row is silently consumed and used as column headers. All remaining rows are imported but the first contact is permanently lost with no warning.,"1. Go to Integrations > Import
2. Select Excel as source
3. Upload an .xlsx file where the first row contains data (not column headers)
4. Complete the import"
KYPRO-29,CSV import silently accepts file with missing required columns (name/email),High,High,New,Ashok,Integrations > Import > CSV,Always,http://pro.kyozo.com — Chrome,"April 1, 2026 1:46 PM",Anastasia Starko,Functional,,,"Kyozo%20Pro%20QA%20Bug%20Tracker/image%209.png, Kyozo%20Pro%20QA%20Bug%20Tracker/bug29_missing_columns.csv, Kyozo%20Pro%20QA%20Bug%20Tracker/image%2010.png",Tested with a CSV containing only a 'phone' column — import completed with 0 usable records.,"Importer should detect missing required columns (name, email) and display a clear validation error before allowing the user to proceed. Import should be blocked until the mapping is corrected.",Import completes without error. No warning or validation is shown about missing required fields. Contacts are created with empty required fields.,"1. Go to Integrations > Import
2. Select CSV as source
3. Upload a CSV file that is missing required columns (e.g. no 'email' or 'name' column)
4. Proceed through the import wizard to completion"
KYPRO-26,Invalid email accepted in Manual Entry import without any validation error,High,High,New,Ashok,Integrations,Always,http://pro.kyozo.com — Chrome,"March 26, 2026 5:49 PM",Anastasia Starko,Functional,,,,Same email validation gap as KYPRO-14 (Audience Add Member). Could result in large batches of invalid emails being imported.,Validation error shown on email field: 'Please enter a valid email address'. Import should not proceed with invalid email.,Invalid email 'not-an-email' is accepted. Member is added to the preview list. 'Import 1' button is enabled with no warning.,"1. Navigate to Integrations tab
2. Select 'Manual Entry'
3. Enter Name: 'QA Test', Email: 'not-an-email' (invalid format)
4. Click 'Add Member'
5. Click 'Preview (1)'"
KYPRO-28,Excel/XLS import fails to parse valid .xlsx file — feature is broken,High,High,New,Ashok,Integrations,Always,http://pro.kyozo.com — Chrome,"March 26, 2026 5:49 PM",Anastasia Starko,Functional,,,,The feature lists .xlsx/.xls as supported formats but cannot parse them. The fallback suggestion to 'export as CSV' confirms the feature is non-functional. Tested with a valid openpyxl-generated .xlsx file.,File parsed correctly; member data displayed in Preview & Edit step,Error toast: 'Could not parse Excel file. Try exporting as CSV.' The Excel import feature fails entirely for standard .xlsx files.,"1. Navigate to Integrations tab
2. Select 'Excel / XLS'
3. Upload a standard .xlsx file (e.g., generated by openpyxl or exported from Microsoft Excel)
4. Observe result"
KYPRO-27,"CSV import silently accepts unrecognized column headers, causing silent data loss",High,High,New,Ashok,Integrations,Always,http://pro.kyozo.com — Chrome,"March 26, 2026 5:49 PM",Anastasia Starko,Functional,,,,Critical data integrity issue. A user migrating data from another system with different column naming would silently lose entire columns of data.,Warning identifying unrecognized columns; column mapping UI allowing user to match source columns to target fields,Import silently proceeds. 'first_name' partially maps to Name (only first token 'John'); 'last_name' is silently dropped ('Doe' lost); 'telephone' maps to Phone with no warning. User has no indication data was lost.,"1. Navigate to Integrations > CSV File
2. Upload a CSV with non-standard headers: first_name, last_name, telephone
3. Proceed to Preview step and observe parsed data"
KYPRO-24,Create Event button stays disabled with partial time input — no user feedback provided,High,High,New,Ashok,Schedule,Always,http://pro.kyozo.com — Chrome,"March 26, 2026 5:49 PM",Anastasia Starko,UX,,,,Blocks event creation entirely. Chrome native time input behavior makes this particularly severe.,Validation error or tooltip explaining what is missing/wrong; Create Event button becomes enabled when all required fields are correctly filled,"Create Event button remains disabled. No error message, tooltip, or any indication of why. The Chrome native time picker is difficult to interact with, leaving users stranded.","1. Navigate to Schedule tab
2. Click 'Create Event'
3. Fill in event name
4. Attempt to type time values in start/end time fields (partially or incorrectly)
5. Observe Create Event button state"
KYPRO-19,'Guestlist Details' link in guestlist modal is non-functional (dead link),High,High,New,Ashok,RSVP & Guestlist,Always,http://pro.kyozo.com — Chrome,"March 26, 2026 5:48 PM",Anastasia Starko,Functional,,,,Blocks access to guestlist management settings.,Navigates to full guestlist detail/management page,Link is dead — clicking does nothing,"1. Navigate to RSVP & Guestlist tab
2. Click an existing guestlist to open detail modal
3. Click 'Guestlist Details' link inside the modal"
KYPRO-14,Invalid email format accepted without validation in Add Member modal (Audience),High,High,New,Ashok,Audience,Always,http://pro.kyozo.com — Chrome,"March 26, 2026 5:48 PM",Anastasia Starko,Functional,,,,Data integrity risk. Same issue also found in Integrations Manual Entry (KYPRO-26).,Validation error: 'Please enter a valid email address',Member is added with email 'notanemail' — no validation error displayed,"1. Navigate to Audience tab
2. Click 'Add Member'
3. Enter Name: 'Test User', Email: 'notanemail', Phone: '+1-555-0101'
4. Click 'Add Member'"
KYPRO-77,WhatsApp invite accepts any text as phone number — no format validation,Medium,Medium,New,Ashok,Invite Member modal,Always,http://pro.kyozo.com,"April 15, 2026 1:57 PM",Anastasia Starko,Functional,,,,,Validation error shown — phone number must be in a valid international format (digits + country code).,"Invite is dispatched without error. The invalid text is embedded in the WhatsApp share URL (phone=notaphone), which will fail silently for the recipient.","1. Open Invite Member modal.
2. Select WhatsApp channel.
3. Enter invalid text (e.g. ""notaphone"") in the Phone Number field.
4. Fill in First Name and Last Name.
5. Click Send Invite."
KYPRO-75,"Invite landing page — ""Join"" button text has poor contrast",Medium,Medium,New,Ashok,Invite join page (/join),Always,http://pro.kyozo.com,"April 15, 2026 1:57 PM",Anastasia Starko,Accessibility,,,,,Button label is clearly legible — sufficient contrast between text and background colour.,"Button text is a dark/muted shade on a dark purple background, making it nearly invisible. Fails WCAG contrast requirements.","1. Open Invite Member modal in Audience page.
2. Send a WhatsApp invite.
3. Open the generated invite link.
4. Observe the ""Join [Community Name]"" button."
KYPRO-69,Signing into a http://kyozo.com community page as an existing user does not enroll the user in the community audience,Medium,Medium,New,Ashok,http://kyozo.com community sign-in / Audience enrollment,Always,Production,"April 9, 2026 6:09 PM",Anastasia Starko,Functional,,,https://www.loom.com/share/4e4197f064214bb79b6178302fd54427,"Confirmed with mailto:ana+hulkuser@kyozo.com signing into http://kyozo.com/qa-test-community-new — user was absent from the QA Test Community New audience. Contrast: ana+kyozouser who signed UP on http://kyozo.com/ashok-kyozo was automatically added to Ashok@Kyozo's audience. Related to KYPRO-68: despite not being in the audience, ana+hulkuser still gained full admin access to http://pro.kyozo.com after being manually imported — the enrollment bug compounds the auth boundary issue.",Authenticating on a community's public page (sign-in or sign-up) should enroll the user as a member of that community. The user should appear in the Audience list in http://pro.kyozo.com immediately after signing in.,"When an existing http://kyozo.com account signs IN (as opposed to signing UP) on a community page, the user is NOT added to that community's audience. The user remains invisible to the community admin and must be manually imported to appear in the Audience list. This behaviour is inconsistent with the sign-up flow, where a new user who signs up on a community page IS automatically added to the audience.","1. Ensure a http://kyozo.com account already exists (e.g. mailto:ana+hulkuser@kyozo.com).
2. Navigate to a http://kyozo.com community page (e.g. http://kyozo.com/qa-test-community-new).
3. Click Sign In (not Sign Up) and log in with the existing account credentials.
4. In http://pro.kyozo.com, open the same community and check the Audience list.
5. Observe that the signed-in user does not appear in the audience."
KYPRO-66,No character length limit on Name or Email fields in Manual Entry — extremely long strings accepted and stored,Medium,Medium,New,Ashok,Audience > Import Members > Manual Entry,Always,http://pro.kyozo.com — Chrome,"April 9, 2026 1:31 PM",Anastasia Starko,Functional,,,Kyozo%20Pro%20QA%20Bug%20Tracker/image%2011.png,"No maxlength attribute is enforced on the Name or Email inputs. This is a systemic gap across the Manual Entry form. Very long strings also cause downstream UI layout failures (see KYPRO-67). Could also present database storage risks depending on column type and size constraints server-side.

[2026-04-14 TC7 update] Same overflow also reproduced in the CSV Import preview table. A 510-char name pushes all other columns (Email, Phone, Tags, Notes) completely off-screen with no truncation or horizontal scroll. Affects Integrations > Import > CSV File preview step.","Fields should enforce a reasonable maximum length (e.g. 100–255 chars for name, 254 chars for email per RFC 5321). Exceeding the limit should show an inline validation error and prevent submission.",Both fields accept and store strings of any length without any limit or error. A 370+ character name and a 500+ character email were successfully imported and persisted to the member record with no warning.,"1. Navigate to Audience > Import Members > Manual Entry
2. In the Name field, type a string of 370+ characters (e.g. 370 x 'A' followed by 'long name test')
3. In the Email field, type an extremely long email (e.g. 250 x 'a' + '@' + 250 x 'a' + '.com')
4. Click + Add
5. Click 'Import 1 Members'"
KYPRO-67,Extremely long name or email causes horizontal overflow and broken layout in preview table and member profile,Medium,Medium,New,Ashok,Audience > Import Members > Manual Entry / Member Profile,Always,http://pro.kyozo.com — Chrome,"April 9, 2026 1:31 PM",Anastasia Starko,UI,,,Kyozo%20Pro%20QA%20Bug%20Tracker/image%2012.png,"Root cause of long strings being storable is tracked separately in KYPRO-66. Both surfaces (preview table and profile card) are missing CSS overflow handling (e.g. overflow: hidden; text-overflow: ellipsis; white-space: nowrap or word-break: break-word). The preview table issue also makes the edit/delete buttons unreachable without scrolling, which is an accessibility concern.",Long text should be truncated with an ellipsis (…) within its column/cell. The table layout should remain stable. The member profile card should wrap or truncate long name/email values within the card boundary.,"Preview table (step 3): The table overflows horizontally. The long name forces all columns to the right — EMAIL, PHONE, TAGS, NOTES and the ✏️/🗑️ action buttons become inaccessible without horizontal scrolling. The column header row also misaligns and disappears from view during scroll.

Member profile card (step 5): The name and email strings overflow outside the card container horizontally, breaking the profile layout. Text is not wrapped or truncated.","1. Navigate to Audience > Import Members > Manual Entry
2. Enter a name of 370+ characters and a valid email, click + Add
3. Observe the preview table
4. Import the contact and click on the resulting member in the Audience list
5. Observe the member profile card"
KYPRO-64,Phone field in Manual Entry preview edit mode accepts alphabetic characters without validation,Medium,Medium,New,Ashok,Audience > Import Members > Manual Entry,Always,http://pro.kyozo.com — Chrome,"April 8, 2026 3:29 PM",Anastasia Starko,Functional,,,Kyozo%20Pro%20QA%20Bug%20Tracker/image%2013.png,No phone format validation exists anywhere in the Manual Entry flow — neither in the Add Member form nor in the inline edit mode of the preview table. Same pattern as email validation gaps (KYPRO-37) and empty field validation gaps (KYPRO-34). Likely a systemic absence of input validation across the Manual Entry feature.,"The Phone field should reject non-numeric input and display a validation error (e.g. ""Please enter a valid phone number""). The row should not be saveable with letters in the phone field.","The phone value ""abcDEFghi"" is accepted and saved without any validation error. The row is included in the import, and the member is created in the Audience with ""abcDEFghi"" stored as their phone number.","1. Navigate to Audience > Import Members > Manual Entry
2. Add any contact with a valid name and email, click + Add
3. Click ✏️ on the row to enter inline edit mode
4. In the Phone field, type alphabetic characters (e.g. ""abcDEFghi"")
5. Click 💾 to save
6. Click 'Import 1 Members'"
KYPRO-55,'Forgot password' flow state not cleared when dismissing with X — skips email form on next attempt,Medium,Medium,New,Ashok,Login / Forgot Password,Always,"Chrome (desktop), http://pro.kyozo.com","April 7, 2026 2:45 PM",Anastasia Starko,Functional,,,https://www.loom.com/share/f2a630ab117e45448577a6eadeba933b,Related to the general X button issue (KYPRO-51). The only workaround is to do a full page reload before trying again.,"The 'Reset your password' form with the email field should appear, allowing the user to enter a new email address","Clicking 'Forgot password?' jumps directly to the 'Check your inbox' screen with the previously submitted email still shown, skipping the email entry form entirely. The X button visually closes the modal but does not reset the forgot password flow state.","1. Click Sign In on http://pro.kyozo.com
2. Click 'Forgot password?' and submit any email address
3. On the 'Check your inbox' confirmation screen, click the X button to dismiss
4. Click Sign In again and click 'Forgot password?' a second time"
KYPRO-53,Password reset email lands in spam/junk folder,Medium,Medium,New,Ashok,Login / Forgot Password,Always,"Chrome (desktop), http://pro.kyozo.com / Outlook email client","April 7, 2026 2:45 PM",Anastasia Starko,UX,,,Kyozo%20Pro%20QA%20Bug%20Tracker/Screenshot_2026-04-07_at_2.50.50_PM.png,This is likely a domain reputation or email authentication (SPF/DKIM/DMARC) issue. The 'Check your inbox and spam folder' message in the UI already hints at this being a known issue.,The password reset email should be delivered to the main inbox,"The password reset email was delivered to the junk/spam folder. Users are unlikely to find it without checking spam, which could block them from resetting their password.","1. Go to http://pro.kyozo.com and click Sign In
2. Click 'Forgot password?'
3. Enter mailto:ana@kyozo.com (an existing account)
4. Click 'Send reset link'
5. Check inbox for the password reset email"
KYPRO-51,X button in 'Tag Members' modal does not close the window,Medium,Medium,New,Ashok,Audience / Tag Members modal,Always,"Chrome (desktop), http://pro.kyozo.com","April 7, 2026 1:48 PM",Anastasia Starko,Functional,,,Kyozo%20Pro%20QA%20Bug%20Tracker/Screenshot_2026-04-07_at_1.51.28_PM.png,Cancel button works correctly. Only the X button is broken.,The modal should close,Clicking the X button has no effect — the 'Tag Members' modal remains open. The only way to close the modal without applying tags is via the Cancel button.,"1. Navigate to the Audience tab
2. Select any member (e.g. Frank Validuser)
3. Click 'Add Tags (1)'
4. When the 'Tag Members' modal opens, click the X button in the top right corner"
KYPRO-49,No autocomplete suggestions appear when typing an existing tag name in the Tag Members modal,Medium,Medium,New,Ashok,Audience / Tags,Always,"Chrome (desktop), http://pro.kyozo.com","April 2, 2026 5:58 PM",Anastasia Starko,UX,,,,,"A dropdown of matching existing tags should appear as the user types, allowing them to select a pre-existing tag rather than creating a new one","No suggestions or autocomplete dropdown appears. The user can press Enter and create a duplicate tag (e.g. a second 'vip' tag), silently polluting the tag namespace","1. Select a member on the Audience tab
2. Click 'Add Tags'
3. Click inside the tag input field
4. Type the name of an existing tag (e.g. 'vip')"
KYPRO-46,"Search is extremely slow, shows partial results, and page jumps while spinner is active",Medium,Medium,New,Ashok,Audience / Search,Always,"Chrome (desktop), http://pro.kyozo.com","April 2, 2026 5:58 PM",Anastasia Starko,Performance,,,Kyozo%20Pro%20QA%20Bug%20Tracker/Screen_Recording_2026-04-02_at_6.35.32_PM.mov,Reproduced consistently. The jumping behavior is particularly disorienting — the page scrolls/shifts on its own while the search is in progress. The 4th result (TestFirst TestLast) eventually appears but only after a very long wait (40+ seconds observed).,All matching results should load promptly (within 1-2 seconds) without the page shifting or jumping during the process,"Search takes 40+ seconds to complete. Only 2-3 of 4 results appear initially while the spinner remains active. Throughout the search, the page 'jumps' — the viewport shifts so the community banner/header is pushed off-screen. Results trickle in incrementally rather than loading all at once. The spinner represents an ongoing slow search, not infinite scroll.","1. Navigate to the Audience tab
2. Type 'Test' in the search bar
3. Observe results loading in real time"
KYPRO-40,Floating label overlaps placeholder text in Invite Member modal input fields,Medium,Medium,New,Ashok,Audience / Invite Member,Always,"Chrome (desktop), http://pro.kyozo.com","April 2, 2026 5:58 PM",Anastasia Starko,UI,,,Kyozo%20Pro%20QA%20Bug%20Tracker/Screenshot_2026-04-02_at_6.24.19_PM.png,,Each input field shows either a floating label above the field OR a placeholder — not both simultaneously,"The floating label and placeholder text overlap, rendering garbled text. E.g. the Email Address field displays as 'http://EmaiDAddress.com' — the label 'Email' and placeholder '@http://address.com' are stacked on top of each other","1. Navigate to Audience tab
2. Click 'Invite Member'
3. Observe the First Name, Last Name, Email Address, and Phone Number input fields in their default (unfocused, empty) state"
KYPRO-42,"Email and WhatsApp channels can be selected simultaneously in Invite Member modal, showing both input fields at once",Medium,Medium,New,Ashok,Audience / Invite Member,Always,"Chrome (desktop), http://pro.kyozo.com","April 2, 2026 5:58 PM",Anastasia Starko,Functional,,,Kyozo%20Pro%20QA%20Bug%20Tracker/Screenshot_2026-04-07_at_1.37.16_PM.png,,Email and WhatsApp should be mutually exclusive — selecting one deselects the other,Both buttons show a selected/bordered state simultaneously and both the Email Address field and Phone Number field are displayed at the same time,"1. Open Invite Member modal
2. Click 'Email' button (Email Address field appears)
3. Click 'WhatsApp' button
4. Observe both buttons and both input fields"
KYPRO-41,Email/WhatsApp channel buttons in Invite Member modal have no visible default selected state,Medium,Medium,New,Ashok,Audience / Invite Member,Always,"Chrome (desktop), http://pro.kyozo.com","April 2, 2026 5:58 PM",Anastasia Starko,UX,,,Kyozo%20Pro%20QA%20Bug%20Tracker/image%2014.png,Related to KYPRO-43 (native alert usage),"One channel should be pre-selected by default (e.g. Email), or the buttons should clearly communicate they are unselected and require user action",Both Email and WhatsApp buttons look identical with no active/inactive state indication. There is no visual cue that the user must click one to proceed. Attempting to send without clicking results in a native browser alert,"1. Navigate to Audience tab
2. Click 'Invite Member'
3. Observe the Email and WhatsApp toggle buttons"
KYPRO-44,Invite Member modal closes before API response is confirmed; error appears after context is lost,Medium,Medium,New,Ashok,Audience / Invite Member,Always,"Chrome (desktop), http://pro.kyozo.com","April 2, 2026 5:58 PM",Anastasia Starko,UX,,,,,"The modal should remain open while the API call is in flight. On failure, the error should be shown inline inside the modal so the user retains their context and can correct the issue","Modal closes optimistically on click. If the API fails, a native browser alert appears on the empty audience page with no way to re-open the pre-filled form","1. Open Invite Member modal
2. Fill in First Name, Last Name, select Email, enter email address
3. Click 'Send Invite'
4. The modal immediately dismisses
5. A native alert error appears after the modal is already gone"
KYPRO-38,Duplicate contacts not detected in Import Members > Manual Entry,Medium,Medium,New,Ashok,Audience > Import Members > Manual Entry,Always,Web – http://pro.kyozo.com (QA Test Community),"April 2, 2026 4:58 PM",Anastasia Starko,Functional,,,,"Same root cause as KYPRO-31 (CSV duplicate rows not flagged). Both bugs stem from missing deduplication logic in the import pipeline. Consider a unified fix across all import surfaces.

[2026-04-08] Cross-audience deduplication is also absent. The importer does not check whether an email being imported already exists among current Audience members. This creates silent duplicate records across import sessions and is a higher-impact variant of the intra-batch duplicate issue.","The app should detect the duplicate by email and either block the second entry with an inline error (""This email is already in the list""), or flag the row in the Notes column as a duplicate — consistent with the expected behaviour for CSV imports.","Both rows appear in the queue with identical name and email. No duplicate warning, highlight, or Notes annotation is shown. The import counter increments for both.

[NEW - confirmed 2026-04-08] The same missing deduplication applies cross-audience: importing a contact whose email already exists in the Audience (e.g. mailto:alice@example.com, a previously imported member) is accepted without any warning or conflict indicator. The duplicate is silently imported and a second member record with the same email appears in the Audience list.","Scenario A – Intra-batch duplicate (original):
1. Navigate to Audience > Import Members > Manual Entry
2. Enter a contact – e.g. Name: ""Alice Tester"", Email: mailto:alice@test.com – and click + Add
3. Enter the exact same name and email again
4. Click + Add again
5. Observe: both rows appear with no duplicate warning

Scenario B – Cross-audience duplicate (confirmed 2026-04-08):
1. Ensure a member with email mailto:alice@example.com already exists in the Audience
2. Navigate to Audience > Import Members > Manual Entry
3. Enter Name: ""Alice Johnson"", Email: mailto:alice@example.com
4. Click + Add, then click 'Import 1 Members'
5. Observe: import succeeds silently; a second member with the same email appears in Audience"
KYPRO-37,Invalid email format accepted in Import Members > Manual Entry,Medium,Medium,New,Ashok,Audience > Import Members > Manual Entry,Always,Web – http://pro.kyozo.com (QA Test Community),"April 2, 2026 4:58 PM",Anastasia Starko,Functional,,,,"The standalone Add Member dialog does validate email format (see KYPRO-39), creating an inconsistency between the two manual-add surfaces. Also relates to KYPRO-29–32 (file imports also lack email validation), though those are tracked separately.

[2026-04-08] Also confirmed in the inline edit flow of the preview table (Path B). Editing an existing row and saving an invalid email is accepted without any error. Same root cause — no client-side email format validation on the preview table's edit mode.","An inline validation error should appear on the Email field (e.g. ""Please enter a valid email address"") and the row should not be added to the queue.","The row is added to the import queue with the invalid email intact. No error or warning is shown. Clicking ""Import N Members"" persists the invalid email to the database. Confirmed by ""Invalid Email User"" with ""not-an-email"" visible in the Audience member list.","Path A – Add Member form (original):
1. Navigate to Audience
2. Click Import Members
3. Select Manual Entry
4. Enter any name (e.g. ""Bob Reviewer"")
5. Enter an invalid email such as ""notanemail"" (no @ symbol)
6. Leave Phone and Tags empty
7. Click + Add

Path B – Inline edit of existing preview row (confirmed 2026-04-08):
1. Navigate to Audience > Import Members > Manual Entry
2. Add a valid contact and click + Add
3. Click ✏️ on the row to enter inline edit mode
4. Clear the Email field and type an invalid string (e.g. ""notanemail"")
5. Click 💾 to save
6. Observe: row is saved with invalid email, no validation error shown"
KYPRO-34,Empty Manual Entry form submission silently creates blank null records with no validation feedback,High,Medium,New,Ashok,Integrations > Import > Manual Entry,Always,http://pro.kyozo.com — Chrome,"April 1, 2026 1:46 PM",Anastasia Starko,UX,,,Kyozo%20Pro%20QA%20Bug%20Tracker/image%2015.png,"Originally assessed as Low severity (no data corrupted, just silent UI failure). Updated after live reproduction: the bug is worse than initially documented — each empty click creates a null '–' record visible in the queue and counted in Preview (N). These null records can propagate into the import. Severity raised to Medium.

[2026-04-08] Further confirmed via inline edit path (see Path B in steps). This path produces an even more severe consequence: a ghost 'Unknown User' is created in the audience and their profile page permanently fails to load (infinite loading skeleton at /members/imported-XXXXXX-0). Severity should be considered for upgrade to High.",Clicking Add Member with all fields empty should display a clear validation message indicating that at least Name (or Name + Email) must be filled. The form should reject the submission and not create any record. The member queue should remain unchanged.,"Clicking Add Member with all fields empty does NOT simply do nothing — it silently creates a blank '–' record in the member queue. Each click on Add Member adds another null entry. These blank records are then included in the Preview count and can be imported, creating completely empty contacts in the system with no name, email, phone, or tags.

[NEW - confirmed 2026-04-08] The same missing validation applies to the inline edit flow in the preview table: clicking ✏️ on any row, clearing all fields, and pressing 💾 also silently saves the empty row with no error. When that empty row is then imported, it creates a ghost 'Unknown User' member in the Audience. Navigating to that member's profile results in a permanently broken page — a loading skeleton that never resolves (URL: /members/imported-XXXXXX-0). The page never loads and the member is inaccessible.","Path A – Add Member form:
1. Go to Integrations > Import > Manual Entry
2. Leave all fields blank (Name, Email, Phone, Tags)
3. Click Add Member
4. Click Import

Path B – Inline edit (confirmed 2026-04-08):
1. Go to Audience > Import Members > Manual Entry
2. Add any valid contact and click + Add
3. Click ✏️ on the row to enter edit mode
4. Clear Name, Email, Phone, and Tags fields
5. Click 💾 to save
6. Click 'Import N Members'
7. Observe the resulting member profile"
KYPRO-31,CSV import does not detect or warn about duplicate rows,Medium,Medium,New,Ashok,Integrations > Import > CSV,Always,http://pro.kyozo.com — Chrome,"April 1, 2026 1:46 PM",Anastasia Starko,Functional,,,"Kyozo%20Pro%20QA%20Bug%20Tracker/image%2016.png, Kyozo%20Pro%20QA%20Bug%20Tracker/bug31_duplicates.csv, Kyozo%20Pro%20QA%20Bug%20Tracker/image%2017.png",5 duplicate rows in a 10-row test file — all 10 were imported creating 5 duplicate contacts.,"Importer should detect duplicate rows (same email address) and either skip them automatically or prompt the user to choose how to handle duplicates (skip, merge, or import anyway).",All rows including exact duplicates are imported without any warning. Duplicate contacts are created in the member list.,"1. Go to Integrations > Import
2. Select CSV as source
3. Upload a CSV file containing duplicate rows (identical name and email)
4. Complete the import"
KYPRO-35,Tags field in Manual Entry triggers unexpected form navigation / premature import on Enter key,Medium,Medium,New,Ashok,Integrations > Import > Manual Entry,Always,http://pro.kyozo.com — Chrome,"April 1, 2026 1:46 PM",Anastasia Starko,Functional,,,Kyozo%20Pro%20QA%20Bug%20Tracker/image%2018.png,Reproducible 100% of the time when Enter is pressed in the Tags field. Workaround: use mouse to click Add Member button instead of keyboard.,The Enter key in the Tags field should either confirm the tag input (adding the tag chip) or do nothing. It should never trigger form submission or navigate away from the Manual Entry step.,Pressing Enter while the Tags field is focused triggers unexpected form navigation — the wizard jumps to 'Import Complete' with 0 members imported. The Add Member action is never executed.,"1. Go to Integrations > Import > Manual Entry
2. Fill in Name and Email fields
3. Click into the Tags field
4. Type comma-separated tag values (e.g. 'vip, tester, qa') and press Enter or Tab
5. Observe the form behavior"
KYPRO-21,No RSVP status tracking per guest (Yes/No/Maybe),Medium,Medium,New,Ashok,RSVP & Guestlist,Always,http://pro.kyozo.com — Chrome,"March 26, 2026 5:49 PM",Anastasia Starko,Functional,,,,"Core RSVP functionality is missing. Without status tracking, the RSVP feature has limited value.",Each guest has an RSVP status indicator (Yes/No/Maybe/Pending) that updates based on their response,"No RSVP status field exists for any guest. There is no way to track who has confirmed, declined, or not responded.","1. Navigate to RSVP & Guestlist tab
2. Open a guestlist with guests added
3. Look for individual RSVP status per guest"
KYPRO-22,Empty Event Name silently accepted — no validation error shown in Schedule,Medium,Medium,New,Ashok,Schedule,Always,http://pro.kyozo.com — Chrome,"March 26, 2026 5:49 PM",Anastasia Starko,Functional,,,,Same pattern as KYPRO-18 (Guestlist) and KYPRO-13 (Add Member). Consistent validation gap across create flows.,Validation error: 'Event name is required',No validation error shown. Form does nothing silently.,"1. Navigate to Schedule tab
2. Click 'Create Event'
3. Leave the Event Name field empty
4. Click 'Create Event' button"
KYPRO-16,No Edit button on member profile page — member data cannot be updated,Medium,Medium,New,Ashok,Audience,Always,http://pro.kyozo.com — Chrome,"March 26, 2026 5:48 PM",Anastasia Starko,Functional,,,,"Admins have no way to correct member info (e.g., fix typos in email) after creation.",An 'Edit' button is available to modify member details,No Edit button present anywhere on the member profile page,"1. Navigate to Audience tab
2. Click on any member row to open their profile page"
KYPRO-18,Empty Guestlist Name silently accepted — no validation error shown,Medium,Medium,New,Ashok,RSVP & Guestlist,Always,http://pro.kyozo.com — Chrome,"March 26, 2026 5:48 PM",Anastasia Starko,Functional,,,,Same pattern in Schedule tab (KYPRO-22).,Validation error: 'Guestlist name is required',No validation error shown; form silently does nothing,"1. Navigate to RSVP & Guestlist tab
2. Click 'Create Guestlist'
3. Leave Name field empty
4. Click 'Create Guestlist'"
KYPRO-17,Community owner not visible in Audience tab member list — count mismatch,Medium,Medium,New,Ashok,Audience,Always,http://pro.kyozo.com — Chrome,"March 26, 2026 5:48 PM",Anastasia Starko,Functional,,,,Count mismatch between community card and Audience tab.,Owner appears in the member list; card count matches list count,Audience tab shows empty list (0 members) while community card shows '1 member'. Owner is absent from the list.,1. Navigate to Audience tab (community with owner only)
KYPRO-13,Validation error hidden below fold in Add Member modal,Medium,Medium,New,Ashok,Audience,Always,http://pro.kyozo.com — Chrome,"March 26, 2026 5:48 PM",Anastasia Starko,UX,,,,Found during QA session 2026-03-26,'Phone number is required.' validation error is visible within the modal viewport without scrolling,"Validation error appears below the fold — user must scroll inside the modal to see it, making it effectively hidden","1. Navigate to Audience tab
2. Click 'Add Member'
3. Enter a name and valid email, leave Phone empty
4. Click 'Add Member' button"
KYPRO-7,Create Community – Validation error toast is clipped behind the modal overlay,Medium,Medium,New,Ashok,Create Community Dialog / Step 1 Validation,Always,"Chrome (latest), Ubuntu 22, Desktop 1502x818","March 25, 2026 6:50 PM",Anastasia Starko,UI,,,,Toast z-index is lower than the modal backdrop z-index. Fix: render toasts in a portal at top of DOM stack above the modal layer. Also consider removing the toast and relying solely on inline error to avoid duplicate messaging.,"Validation toast (""Required Field – Please enter a community name"") appears fully visible above the modal backdrop.","Toast renders at bottom-right of the page behind/beneath the modal overlay, making it partially or fully unreadable. The inline ""Community name is required"" error below the field does appear correctly.","1. Navigate to https://pro.kyozo.com/communities
2. Click ""+ Create Community""
3. Without filling in any fields, click the ""Next"" button
4. Observe the bottom-right corner of the screen"
KYPRO-8,"Create Community – ""Next"" and ""Finish"" primary action buttons appear visually disabled when active",Medium,Medium,New,Ashok,Create Community Dialog / Steps 1 & 2,Always,"Chrome (latest), Ubuntu 22, Desktop 1502x818","March 25, 2026 6:50 PM",Anastasia Starko,UX,,,Kyozo%20Pro%20QA%20Bug%20Tracker/image%2019.png,"Compare to the ""+ Create Community"" button on the main page (dark brown, white text). Primary action button appears to be missing its active/enabled CSS class. Consistent issue across both dialog steps.","Active primary action buttons display with prominent styling (dark background, white text) matching app conventions, clearly signalling they are interactive.","Both ""Next"" and ""Finish"" buttons display with a very light beige/cream background and muted low-contrast text, visually identical to a disabled button state.","1. Navigate to https://pro.kyozo.com/communities
2. Click ""+ Create Community""
3. Observe the ""Next"" button styling (Step 1) and ""Finish"" button (Step 2)"
KYPRO-2,"Communities – ""Show More (8+)"" tag button reveals no additional tags",Medium,Medium,New,Ashok,Communities / Tag Filter,Always,"Chrome (latest), Ubuntu 22, Desktop 1502x818","March 25, 2026 6:49 PM",Anastasia Starko,Functional,,,"Kyozo%20Pro%20QA%20Bug%20Tracker/image%2020.png, Kyozo%20Pro%20QA%20Bug%20Tracker/image%2021.png","Badge correctly shows ""(8+)"" indicating hidden tags exist. Toggle state changes but DOM tag list does not expand. Suspect Show More handler is not wired to expand logic.",At least 8 additional tags appear in the filter bar after clicking Show More.,"The button text toggles to ""Show Less"" but the tag list remains unchanged — no new tags appear.","1. Navigate to https://pro.kyozo.com/communities
2. Wait for page to fully load
3. Click the ""Show More (8+)"" button below the tag filter row"
KYPRO-73,Eventbrite import preview has two redundant 'Import' buttons that trigger the same action,Low,Low,New,Ashok,Audience / Eventbrite Import — Preview screen,Always,Production,"April 9, 2026 6:55 PM",Anastasia Starko,UX,,,Kyozo%20Pro%20QA%20Bug%20Tracker/Screenshot_2026-04-09_at_7.16.59_PM.png,Confirmed during happy path and delete-before-import testing on community t1. The same redundancy may exist in the CSV and Excel import preview screens — worth checking for consistency.,A single import action is sufficient. Having two buttons for the same action is redundant and adds unnecessary visual noise to the UI.,"Both 'Import X' (top right) and 'Import X Members' (bottom) trigger the same import action. Both update their count correctly when rows are deleted from the preview, but they are functionally identical and duplicated.","1. Complete the Eventbrite token + event selection flow and click Fetch Attendees.
2. On the preview screen, observe there are two import buttons: 'Import X' in the top-right header area and 'Import X Members' at the bottom of the list."
KYPRO-72,Eventbrite import flow has redundant navigation: 'Back' button and 'Back to sources' link perform identical actions,Low,Low,New,Ashok,Audience / Eventbrite Import — Connect Eventbrite screen,Always,Production,"April 9, 2026 6:55 PM",Anastasia Starko,UX,,,Kyozo%20Pro%20QA%20Bug%20Tracker/image%2022.png,"Confirmed during negative testing on community t1. Consider removing the 'Back' button and keeping only the '← Back to sources' breadcrumb-style link, which is more consistent with the rest of the modal flow.","There should be a single, clear navigation element to go back. Having two controls for the same action creates visual clutter and may confuse users about whether they do different things.",Both '← Back to sources' and the 'Back' button navigate to exactly the same place: the source picker screen (CSV / Excel / Eventbrite / Manual Entry). They are fully redundant.,"1. Open Import Members → select Eventbrite.
2. On the 'Connect Eventbrite' screen, observe the two navigation elements: '← Back to sources' link at the top and a 'Back' button next to 'Load Events'.
3. Click either one."
KYPRO-63,Import preview has two buttons that perform the same action ('Import N' and 'Import N Members'),Low,Low,New,Ashok,Audience → Automatically Integrate → Import Preview step,Always,Production — http://pro.kyozo.com,"April 8, 2026 2:47 PM",Anastasia Starko,UX,,,Kyozo%20Pro%20QA%20Bug%20Tracker/image%2023.png,"Having duplicate CTA buttons with slightly different labels ('Import 3' vs 'Import 3 Members') is confusing and may lead users to wonder whether the two buttons do different things. Recommend keeping only one consistent button, ideally 'Import N Members' at the bottom of the preview list.","A single, clearly labelled primary action button to confirm the import (e.g. 'Import N Members')",Two buttons are shown that trigger identical behaviour: 'Import N' (top-right of the preview table) and 'Import N Members' (bottom-right). Both complete the import and return to the source selection screen — no functional difference observed.,"1. Open the Audience page of any community
2. Click 'Automatically Integrate'
3. Select any import source (CSV, TSV, Excel/XLS)
4. Upload a valid file and proceed to the Preview step
5. Observe the buttons available on the preview screen"
KYPRO-56,Custom Handle generates trailing hyphen when community name ends with special character,Low,Low,New,Ashok,Create Community – Step 1 (Basic Info),Always,http://pro.kyozo.com – Chrome,"April 7, 2026 5:18 PM",Anastasia Starko,Functional,,,,,"The handle strips trailing hyphens/special characters, producing a clean slug (e.g. ""qa-test-community-new"")","The handle retains a trailing hyphen (e.g. ""qa-test-community-new-""), creating an invalid or unclean URL slug","1. Open Create Community modal
2. In the Community Name field, type a name ending with a special character (e.g. ""QA Test Community New!"")
3. Observe the auto-generated Custom Handle field"
KYPRO-48,Tag Members modal instruction 'Click existing tags above to add them' is misleading — referenced section is hidden on initial open,Low,Low,New,Ashok,Audience / Tags,Always,"Chrome (desktop), http://pro.kyozo.com","April 2, 2026 5:58 PM",Anastasia Starko,UX,,,,,"The instruction should only reference UI elements that are currently visible, or the 'Available Tags' section should always be shown (even if empty)","On initial open, the 'Available Tags (click to add)' section is hidden — it only appears after a tag is removed from the active input. The instruction references something invisible, causing confusion","1. Select one or more members on the Audience tab
2. Click 'Add Tags'
3. Read the instruction text below the tag input: 'Click existing tags above to add them, or type a new tag name and press Enter to create one'"
KYPRO-47,'Deselect All' button appears instead of 'Select All' when search returns zero results,Low,Low,New,Ashok,Audience / Search,Always,"Chrome (desktop), http://pro.kyozo.com","April 2, 2026 5:58 PM",Anastasia Starko,UI,,,,,'Select All' button (or the button should be hidden/disabled since there is nothing to select or deselect),"The button changes to 'Deselect All' even though the list is empty and no items are selected, which is logically incorrect","1. Navigate to Audience tab
2. Type a search query that returns no results (e.g. 'zzznoresultsxxx')
3. Observe the button next to the search bar"
KYPRO-25,Terminology inconsistency: Guestlist/Guests in RSVP vs Event/Attendees in Schedule for same objects,Low,Low,New,Ashok,RSVP & Guestlist,Always,http://pro.kyozo.com — Chrome,"March 26, 2026 5:49 PM",Anastasia Starko,UX,,,,Confusing to users who see the same data presented with different labels depending on which tab they are in.,Consistent terminology across all tabs for the same concept,RSVP tab calls objects 'Guestlists' with 'Guests'; Schedule tab calls the same objects 'Events' with 'Attendees'. Action buttons differ too: 'Edit Guestlist'/'Delete Guestlist' vs 'Edit Event'/'Delete Event'.,"1. Create a guestlist in RSVP & Guestlist tab
2. Navigate to Schedule tab and observe the same object"
KYPRO-23,Start/End time fields are functionally required but not marked with asterisk,Low,Low,New,Ashok,Schedule,Always,http://pro.kyozo.com — Chrome,"March 26, 2026 5:49 PM",Anastasia Starko,UX,,,,Misleading UX. Related to KYPRO-24 (button disabled with no feedback).,Start and end time fields are marked with asterisk (*) if they prevent form submission when empty,Start/end time fields have no asterisk but are functionally required — the Create Event button stays disabled unless they are filled,"1. Navigate to Schedule tab
2. Click 'Create Event'
3. Observe which fields have required asterisks (*)
4. Leave start/end time empty and note 'Create Event' button is disabled"
KYPRO-15,'Acquired Via: Sign Up' incorrectly shown for manually admin-added members,Low,Low,New,Ashok,Audience,Always,http://pro.kyozo.com — Chrome,"March 26, 2026 5:48 PM",Anastasia Starko,Content,,,,Misleading attribution. Affects analytics accuracy.,'Acquired Via' shows 'Manual' or 'Admin Added','Acquired Via: Sign Up' displayed — factually incorrect for admin-imported members,"1. Add a member manually via Audience > Add Member
2. Click the member to open their profile"
KYPRO-11,Communities – Selected view mode not persisted after navigating away and back,Low,Low,New,Ashok,Communities / View Toggle,Always,"Chrome (latest), Ubuntu 22, Desktop 1502x818","March 25, 2026 6:50 PM",Anastasia Starko,UX,,,Kyozo%20Pro%20QA%20Bug%20Tracker/image%2024.png,View preference should be persisted in localStorage or user preferences. Minor but recurring friction for users who prefer non-default views.,The previously selected view (avatar/circle) is restored when returning to the Communities page.,View resets to the default grid (card) view on every page load regardless of the user's previous selection.,"1. Navigate to https://pro.kyozo.com/communities
2. Switch from default grid view to avatar/circle view using the third toggle button
3. Click into any community card to open it
4. Navigate back to https://pro.kyozo.com/communities"
KYPRO-12,"Communities – ""+1"" tag overflow badge shows no tooltip revealing hidden tag names",Low,Low,New,Ashok,Communities / Community Card Tags,Always,"Chrome (latest), Ubuntu 22, Desktop 1502x818","March 25, 2026 6:50 PM",Anastasia Starko,UX,,,Kyozo%20Pro%20QA%20Bug%20Tracker/image%2025.png,"Adding a title attribute or tooltip component to the overflow badge would resolve this. User must switch views to discover hidden tags, which is poor discoverability.","A tooltip or popover appears showing the name(s) of the hidden tag(s) (e.g., ""gotomarket"").",No tooltip or additional information appears on hover. User must switch to list view to see all tags.,"1. Navigate to https://pro.kyozo.com/communities in grid view
2. Locate a community card with a ""+1"" overflow tag badge (e.g., ""Ashok@Kyozo"": code, innovate, speed, +1)
3. Hover over the ""+1"" badge"
KYPRO-9,Create Community – No success notification shown after community creation completes,Low,Low,New,Ashok,Create Community Dialog / Post-creation,Always,"Chrome (latest), Ubuntu 22, Desktop 1502x818","March 25, 2026 6:50 PM",Anastasia Starko,UX,,,,Low severity since the community visibly appears in the list. A simple success toast would resolve this and follow standard UX practice.,"A success toast or confirmation (e.g., ""Community created successfully!"") appears confirming the operation.","Modal closes silently and the new community appears in the list with no feedback. The ""Saving..."" loading state does appear on the button during submission.","1. Navigate to https://pro.kyozo.com/communities
2. Click ""+ Create Community"", fill in Community Name, proceed through Step 2
3. Click ""Finish""
4. Observe the page after the modal closes"
KYPRO-3,"Communities – Tag filter treats ""UAT"" and ""uat"" as separate tags",Low,Low,New,Ashok,Communities / Tag Filter,Always,"Chrome (latest), Ubuntu 22, Desktop 1502x818","March 25, 2026 6:50 PM",Anastasia Starko,Functional,,,Kyozo%20Pro%20QA%20Bug%20Tracker/image%2026.png,Tags are stored with the casing provided at creation time and compared case-sensitively. Fix should normalise tag casing on write or on read.,Tags with the same name regardless of case are normalised and shown as one entry.,"Both ""UAT"" and ""uat"" appear as separate distinct tags in the filter bar, occupying two slots.","1. Navigate to https://pro.kyozo.com/communities
2. Wait for page to fully load
3. Observe the tag filter bar — note both ""UAT"" and ""uat"" are listed as separate tags"
KYPRO-5,Communities – Red/pink border glow persists on content container in grid view after Show More click,Low,Low,New,Ashok,Communities / Tag Filter + Grid View,Always,"Chrome (latest), Ubuntu 22, Desktop 1502x818","March 25, 2026 6:50 PM",Anastasia Starko,UI,,,"Kyozo%20Pro%20QA%20Bug%20Tracker/image%2027.png, Kyozo%20Pro%20QA%20Bug%20Tracker/image%2028.png",Likely a CSS :focus or :active state leaking onto the parent container when Show More is clicked. Specific to grid view layout. Container is incorrectly retaining a focus/error style.,No change to the content container's border or visual appearance after clicking Show More.,A reddish/pink border glow appears around the entire main content container after clicking Show More. Persists through Show Less clicks in grid view; disappears in list view and reappears when switching back to grid.,"1. Navigate to https://pro.kyozo.com/communities (grid view)
2. Wait for page to fully load
3. Click ""Show More (8+)"" button
4. Observe outer border of main content container"
KYPRO-10,Communities – Default placeholder icon bottom-aligned instead of centered in card image area,Low,Low,New,Ashok,Communities / Community Card (Grid View),Always,"Chrome (latest), Ubuntu 22, Desktop 1502x818","March 25, 2026 6:50 PM",Anastasia Starko,UI,,,Kyozo%20Pro%20QA%20Bug%20Tracker/image%2029.png,Likely a CSS alignment issue: the icon container may use align-items: flex-end or a bottom offset instead of align-items: center + justify-content: center. Only affects cards with no uploaded cover image.,The placeholder community icon is vertically and horizontally centred within the card image area.,"The placeholder icon renders at the bottom of the card image area, leaving a large empty beige space in the top ~60% of the image area. Reproducible with the ""QA Test Community"" created during this session.","1. Create a new community without uploading a background/cover image
2. Navigate to https://pro.kyozo.com/communities in grid view
3. Observe the card for the community without a cover image"